,Job Title,Salary Estimate,Job Function,Job Description,Company Name,Rating,Location,Size,Founded,Type of ownership,Industry,Sector,Revenue,hourly,employer_provided,min_salary,max_salary,average_salary,job_state,company_age,python,R studio,SQL,Power BI,Excel
0,Data Scientist,Employer Provided Salary:$150K,Data Scientist,"We are adding a Data Scientist to our growing team!

ABOUT AMERICAN CAPITAL GROUP
American Capital Group is a fully-integrated real estate development company. Over the last 33 years, our company has developed and built more than 80 multifamily properties across twelve states. We remain an industry leader because we know and manage internally Engineering and Design, Acquisition, Development, Construction, Property Management, and Asset Management. We strongly value teamwork, integrity, transparency and producing the highest quality of product for our investors and customers.",American Capital Group,4.3,"Bellevue, WA",51 to 200 Employees,1986,Company - Private,Real Estate,Real Estate,Unknown / Non-Applicable,0,1,150,150,150.0, WA,35,0,0,0,0,0
8,Predictive Modeler,Employer Provided Salary:$75K - $125K,Data Modeler,"Predictive Modeler
Lancer Insurance Company, Inc. – Long Beach, NY
Lancer Insurance Company is looking for a talented and motivated predictive modeler to work with a data architect and/or data scientist to develop predictive models to provide modeling solutions that meet organizational needs and to perform in-depth analysis to guide and support strategic business decisions. The right candidate will be a successful communicator and self-starter with strong analytical skills who exhibits creativity, hustle, integrity, and teamwork.
Duties and Responsibilities:
· Identify areas where data can be used to improve business activities, defining business users’ requirements. Make recommendations for the usage of data in business and communicate the benefits and return on investment for application and product owners.",Lancer Insurance Company,3.3,Remote,201 to 500 Employees,1985,Company - Private,Insurance Carriers,Insurance,$100 to $500 million (USD),0,1,75,125,100.0,Remote,36,0,0,0,0,0
10,Associate Data Scientist,Employer Provided Salary:$44 Per Hour,Data Scientist,"ASSOCIATE DATA SCIENTIST
Our client, a leading Pacific Northwest utility provider is looking for a REMOTE Associate Data Scientist who is willing to work West Coast hours. This position will start as a 4 month contract, however there is a possibility that this contract with extend and/or convert to a full time role.
This Data Scientist will join the Data Strategy and management team which bears the critical responsibility to create value for customers and business operations through the collection, organization, and interpretation of data from our client’s expansive data portfolio. This group directly supports and impacts the success of our client’s strategic pillars: de-carbonization & electrification, building a resilient grid, operational excellence, and retaining & growing our customer base.
The ideal candidate is skillful at using large data sets to find opportunities for process optimization and using models to test the effectiveness of different courses of action. They must have strong experience in data mining, building and implementing models, and driving toward clear business outcome. They must be able to work effectively with a wide range of stakeholders to identify business requirements and collaborate with functional teams to design and build fully stacked solutions. They should be great communicators and presenters even to high-level executives. The right candidate will have a passion for bringing creative solutions to provide clean and reliable energy to people.",Motus Recruiting and Staffing,4.0,"East Portland, OR",51 to 200 Employees,2005,Company - Private,IT Services,Information Technology,Unknown / Non-Applicable,1,1,44 ,44 ,44.0, OR,16,0,0,0,0,0
11,"Sr. Data Scientist, Expansion",Employer Provided Salary:$142K,Data Scientist,"Slack is hiring an experienced data scientist for our Expansion product team. The Expansion team is a cross-functional team that builds foundational product experiences to help teams become successful on Slack. Our team focuses on the critical moments within the team’s lifecycle: creating and joining workspaces, in-product education, expanding the number of users on Slack, and purchasing & billing.

In this role, you will inform and influence decisions using data and research, by crafting our learnings into narratives and partnering with key decision makers within the company. You will be a strong partner to researchers with varying backgrounds, including user researchers, market researchers, and survey scientists.

Slack has a positive, diverse, and supportive culture—we look for people who are curious, inventive, and work to be a little better every single day. In our work together we aim to be smart, humble, hardworking and, above all, collaborative. If this sounds like a good fit for you, why not say hello?",Slack,4.7,"Denver, CO",1001 to 5000 Employees,2014,Company - Public,Internet,Information Technology,Unknown / Non-Applicable,0,1,142,142,142.0, CO,7,0,0,0,0,0
12,Senior Data Analyst,Employer Provided Salary:$91K - $133K,Data Analyst,"About Us
We want to help small businesses win. That’s why we’re here.
We connect small business owners to investors – to create jobs, support local communities and power economies – because we believe that people are made to do more. And we want to help them realize their goals.
So, we created the leading small business loan platform. At the end of 2020, Investors had lent $15.2 billion in 143,000 loans to 100,000 small business owners globally. There’s never been a better time to join!
Be part of the team that changes everything. Let’s build the place where small businesses can get the funding they need to win and leave a legacy behind, forever.
*Colorado Only* Base salary range of $91,000 to $133,000 (depending on experience) + equity + benefits

#LI-AWFC
#Biz01",Funding Circle US,3.9,"Denver, CO",501 to 1000 Employees,2010,Company - Private,Lending,Finance,$50 to $100 million (USD),0,1,91,133,112.0, CO,11,0,0,0,0,0
15,PRACTICE LEADER - DATA & ANALYTICS,Employer Provided Salary:$120K - $145K,Data Analyst,"Sphere Software is looking for an entrepreneurial and progressive leader to lead the growth and success of our data practice. The Practice Lead advises and partners with our sales teams and clients on solving their business problems by leveraging Artificial Intelligence, Machine Learning, Data Analytics, Data Engineering, Data Science and Business Intelligence offerings and capabilities. This individual will work closely with the sales, delivery, and marketing teams, and will be involved in providing objective advice, expertise and specialist skills with the aim of creating value, maximizing growth or improving the business performance.
Location: Remotely
Type: Direct Hire
Start Date: ASAP",Sphere Inc.,4.8,Remote,1 to 50 Employees,2005,Company - Private,IT Services,Information Technology,$5 to $10 million (USD),0,1,120,145,132.5,Remote,16,0,0,0,0,0
17,[Remote] Data Scientist (Customer Facing exp req),Employer Provided Salary:$90K - $120K,Data Scientist,"[Remote] Data Scientist (Customer Facing exp req)
Location: Atlanta, GA / Washington DC
Salary: $90,000 – $120,000 DOE + Benefits
Benefits: Medical, Dental, Vision, 401K, Holidays, PTO
Job Type: Full-Time
Typical Hours: M-F, 9 AM ET – 6 PM ET
Travel: 15%
Start Date: ASAP
Sponsorship is not available
[Remote] Data Scientist (Customer Facing exp req) Description
Our client is looking an experienced Data Scientist to add to their team. Ideal candidates must be highly customer-focused and results-oriented as they will be the “life support” of the company’s customer solutions. Reporting to the SVP of Operations, you will put yourself in the shoes of the front-line field representatives and back-office teams that support them and figure out how they can use the power of the data to help them become more efficient and effective in the right way and at the right time. This is an exciting opportunity to join a company with a strong product market and exceptional customer service.",#twiceasnice Recruiting,3.0,"Washington, DC",Unknown,-1,Company - Public,-1,-1,Unknown / Non-Applicable,0,1,90,120,105.0, DC,0,0,0,0,0,0
19,Data Scientist,Employer Provided Salary:$104K - $159K,Data Scientist,"The professionals at the National Security Agency (NSA) have one common goal: to protect our nation. The mission requires a strong offense and a steadfast defense. The offense collects, processes, and disseminates intelligence information derived from foreign signals for intelligence and counterintelligence purposes. The defense prevents adversaries from gaining access to sensitive classified national security information. NSA is the nation's leader in providing foreign signals intelligence while also protecting U.S. government information systems, forging the frontier of communications, and data analysis. We serve the American people by applying technical skills to meaningful work, keeping our friends and families safe for generations to come. You will make a lasting impact serving your country as a Data Scientist at the National Security Agency, using your curiosity to analyze large data sets to inform decision-making against foreign threats. We are looking for critical thinkers, problem solvers, and motivated individuals who are enthusiastic about data and believe that answers to hard questions lie in the yet-to-be-told story of diverse, complicated data sets. You will employ your mathematical science, computer science, and quantitative analysis skills to ensure solutions to complex data problems and take full advantage of the NSA's software and hardware capabilities in all areas of our enterprise, including analytic capabilities, research, and foreign intelligence operations. Data Scientists are hired into positions directly supporting a technical mission office or the Data Scientist Development Program (DSDP). The NSA/CSS Data Scientist Development Program is a three-year opportunity to build your data science talent, experience the breadth of data science at NSA through six- to nine-month assignments in a variety of diverse organizations, and collaborate with NSA's experts in the field of data science. You will have opportunities to attend technical conferences with experts from industry and academia. You will routinely discuss and share NSA's challenges and successes at weekly technical roundtables. We foster an environment where you will develop your data science skills, allowing you to quickly contribute to NSA's mission. As a member of a technical mission office or the DSDP, Data Scientists tackle challenging real-world problems leveraging big data, high-performance computing, machine learning, and a breadth of other methodologies. As a Data Scientist at NSA, responsibilities may include: - Collecting and combining data from multiple sources - Uncovering and exploring anomalous data (including metadata) - Applying the scientific process to data evaluation, performing statistical inference, and data mining - Developing analytic plans, engineer supporting algorithms, and design and implement solutions which execute analytic plans. - Designing and developing tools and techniques for analysis - Analyzing data using mathematical/statistical methods - Evaluating, documenting, and communicating research processes, analyses, and results to customers, peers, and leadership - Creating interpretable visualizations",National Security Agency,3.5,"Fort Meade, MD",Unknown,-1,Government,Federal Agencies,Government,Unknown / Non-Applicable,0,1,104,159,131.5, MD,0,0,0,0,0,0
28,"Subject Matter Expert, Data Science",Employer Provided Salary:$183K,Subject Matter Expert,"The Defense Intelligence Senior-Level (DISL) employee is known for his/her technical or professional expertise, problem-solving ability, innovative research, valuable contributions to the Agency, standing in his/her technical field, influence on management, and spearheading critical technical and professional efforts. The continuous enhancement of breadth and/or depth of these skills and knowledge is essential. THE DISL: - Serves in an official position of DISL, regardless of his/her organizational level. DISLs are technical experts with continual achievements and accomplishments in their technical field. They solve the difficult technical problems. They are leaders in concepts or theories formulated, techniques, tradecraft, methods developed, and inventions. They continuously advance the arts and sciences, and/or the legal, fiscal, or logistical fields, and they make major contributions/improvements in management and infrastructures. - Provides incisive technical advice to senior management, offering solutions and technical perspective, as appropriate, for decision-making. Provides authoritative technical advice and input to leadership regarding research and technical development and serves as an NSA spokesperson on technical issues. Considers Agency goals and performance strategically and guides the Agency's overall direction. Ensures that the Agency achieves its mission by developing its major programs, goals, and plans. - Identifies the emerging strategies in the Directorates by developing relationships with key technical leaders to pull independent strategies together and facilitates leverages between mission elements, academia, and industry. Works with people and organizations outside his/her immediate organization-to include the Intelligence Community and the Department of Defense at large-to defend controversial or critical long-range NSA plans. - Leads the technical workforce, exhibiting leadership competencies and behaviors, and mentors subordinates to ensure the development of a cadre of future Senior Technical Leaders. Creates an environment that promotes employee engagement, collaboration, integration, information and knowledge sharing, and the candid, open exchange of diverse points of view. Legendary computer scientist Dr. Alan Kay said, 'The best way to predict the future is to invent it.' Through groundbreaking research and technology transfer activities, the NSA/CSS Computer and Analytic Sciences Research Group (R6) within NSA's Research Directorate is laying the groundwork for the Agency's future analytics and platforms. To build on the Group's successful track record of scientific and mission impact, we seek a highly motivated and technically creative leader to become R6's next Data Science Subject Matter Expert (SME). NSA's Research Directorate is a large, technically and geographically distributed organization of researchers engaged in designing and implementing analytic algorithms (and their underlying architectures, as necessary) that can curate, harvest, and put into context seemingly unrelated pieces of information from an ever-growing and diverse set of sources. Scalable computing, the capability to turn information overload to our advantage, is a core area of computer science research for NSA Research, driven by the opportunities and challenges of new analytics on large data sets. NSA Research also maintains awareness of the architectures that can operate at a scale, speed, agility, and security levels to perform big-data analytics. The Data Science Subject Matter Expert is responsible for providing subject matter expertise and world-class research in data science to include the following: - Serve as a subject matter expert on data science, artificial intelligence, machine learning, human machine teaming, statistics, visual analytics, human subject research, and adjacent fields. - Develop novel techniques in data science and related areas to further the Agency's capabilities and understanding of computer and analytic science. Apply these techniques to the Agency's missions, particularly those related to Information and Intelligence Analysis and Cyber Operations. - Provide significant data science subject matter leadership and mentoring. - Ensure that NSA' Research Directorate prioritizes work that supports exploration, discovery, situational awareness, knowledge management, authoring & sharing, 'do it yourself' analytics, compliance, and semi-automated workflow generation & execution. - Expand collaboration with other data science subject matter experts across the Research organization, the NSA enterprise, the Intelligence Community, Department of Defense, and academia. - Design, conduct, direct, and implement research using advanced statistical machine learning and other data science techniques within a modern, flexible computational architecture. - Provide subject matter expertise to short-and long-term technical efforts, and lead and direct these efforts. - Provide subject matter expertise to support conducting quantitative and qualitative controlled experiments that provide evidence to the efficacy of developed techniques. - Cultivate collaborative internal and external relationships with research leaders across the National Security Agency and in academia, industry, national labs, military service labs, other Intelligence Community organizations, and other United States Government entities. - Work effectively with senior leaders, research staff and external customers at all levels and operate sensitively in politically-charged situations. Areas of potential growth include but are not limited to: advanced research into artificial intelligence and machine learning, exploration of novel computer architectures (beyond cloud computing), and applications of social and behavioral sciences to the challenge of human and intelligent-machine teaming.",National Security Agency,3.5,"Fort Meade, MD",Unknown,-1,Government,Federal Agencies,Government,Unknown / Non-Applicable,0,1,183,183,183.0, MD,0,0,0,0,0,0
29,Data Scientist - Remote,Employer Provided Salary:$50K - $300K,Data Scientist,"Location: Los Angeles, California
Salary: 50k USD - 300K USD
Job Type: Contract

Design your full-time freelance career as a top freelance developer with Toptal.

Freelance work is defining developer careers in exciting new ways. If you're passionate about finding rapid career growth potential working with leading Fortune 500 brands and innovative Silicon Valley startups, Toptal could be a great fit for your next career shift.

Toptal is an elite talent network made up of the world's top 3% of developers, connecting the best and brightest freelancers with top organizations. Unlike a 9-to-5 job, you'll choose your own schedule and work from anywhere. Jobs come to you, so you won't bid for projects against other developers in a race to the bottom. Plus, Toptal takes care of all the overhead, empowering you to focus on successful engagements while getting paid on time, at the rate you decide, every time. Our sophisticated screening process makes sure you are provided with top clients without additional overhead, as well as assistance in maximizing the potential of your full-time freelance career. Joining the Toptal network also gives you access to technical training programs, mentors, and coaching programs, so you can connect with a global community of experts like you to share peer-to-peer knowledge and expand your network globally.

As a freelance developer, you can become a part of an ever-expanding community of experts in over 120 countries, working remotely on projects that meet your career ambitions.

That's why the world's top 3% of developers choose Toptal. Developers in our elite network share:

If you're interested in pursuing an engaging career working on full-time freelance jobs for exclusive clients, take the next step by clicking apply and filling out the short form: https://topt.al/JGcamV",Toptal,4.0,"Los Angeles, CA",501 to 1000 Employees,2010,Company - Private,Internet,Information Technology,$100 to $500 million (USD),0,1,50,300,175.0, CA,11,0,0,0,0,0
33,Associate Actuary - REMOTE,Employer Provided Salary:$106K - $141K,Actuary,"REMOTE Associate Actuary
Join this regional property and casualty insurance company to lead the design and development of the economic capital modeling programs for current or new insurance, banking, or member services and products.
This is a REMOTE job and the Associate Actuary must reside in either Michigan, Illinois, Indiana, Minnesota, Wisconsin, Colorado, North Carolina, South Carolina, Iowa, Nebraska, Florida, Georgia, or Tennessee.
You'll enjoy an excellent and comprehensive benefits program that includes:
401k Match
Medical
Dental
Vision",Cameron Craig Group,5.0,"Dearborn, MI",1 to 50 Employees,2002,Company - Private,Staffing & Outsourcing,Business Services,$1 to $5 million (USD),0,1,106,141,123.5, MI,19,0,0,0,0,0
38,Want to be a Data Scientist?,Employer Provided Salary:$29 Per Hour,Data Scientist,"Who We Are:
Enhance IT is an IT/Management firm that specializes in training, placement and IT consultation along with Career Advancement. We are an industry leader in providing top-level skilled and experienced consultants in a variety of technologies to meet our client’s needs in today’s fast paced environment.
What you will be doing:
You will be joining our ever-expanding data scientist team as it grows to meet the needs of the market. We want individuals who think “outside the box” and are comfortable asking “why?” The ideal candidate for this role is highly analytical with a knack for analysis, math and statistics. They are a team player possessing critical thinking and problem-solving skills with a passion for machine-learning and",Enhance IT,3.8,United States,51 to 200 Employees,-1,Company - Private,-1,-1,Unknown / Non-Applicable,1,1,29 ,29 ,29.0,United States,0,0,0,0,0,0
39,Data Scientist - Remote,Employer Provided Salary:$48 - $58 Per Hour,Data Scientist,"Our client is looking for a Data Scientist for a 6 month contract with the possibility of converting to a permanent position.
This role is 100% remote.
This role is working on a Multi Year project supporting a total automation revamp.
Required Skills:
Minimum of 2 years of experience in tuning the relevance of search results, particularly using machine learning or deep learning techniques, such as query/text classification and learning to rank (LTR).
Minimum of 2 years of experience with traditional machine/shallow learning algorithms and techniques, including but not limited to language models, ensembles, Support Vector Machine (SVM), etc.",Beacon Hill Staffing Group,4.4,Remote,501 to 1000 Employees,2000,Company - Private,Staffing & Outsourcing,Business Services,$500 million to $1 billion (USD),1,1,48,58,53.0,Remote,21,0,0,0,0,0
40,Remote Data Scientist,Employer Provided Salary:$67 - $70 Per Hour,Data Scientist,"An Employer is looking for 2 REMOTE Senior Data Scientists to join a large team mostly based in MN. This individual will be part of the Decision Intelligence team for a healthcare organization. This individual will be working with technical teams to create a roadmap for what capabilities should be delivered to clients. Examples of different analytics reports/models that will be carried out include: The propensity of members to engage with providers, the data will be in relation to Medicare members and providers. The client is looking for candidates who can leading the process of creating and delivering the requirements. From an analytics standpoint, the individual will be responsible for Analytical data model development, Quality check of output from other developers, Data exploration/research, Documentation of logic and results, strong experience developing AI/ML models, presentation of logic and results to team and stakeholders.
This role is FULLY Remote and will be a 6 month contract to hire! Lining up interviews this week and all candidates can start within a 2 weeks notice.",Insight Global,4.0,Remote,1001 to 5000 Employees,2001,Company - Private,Staffing & Outsourcing,Business Services,$1 to $5 million (USD),1,1,67,70,68.5,Remote,20,0,0,0,0,0
42,Data Scientist (Predictive Modeling) - Remote - Direct Hire - Predictive Modeling,Employer Provided Salary:$140K,Data Scientist,"Kelly Technology is looking for Data Scientist for environmental data management SaaS provider.
Direct hire, full time, remote – dreams come true role.

Title: Data Scientist
Location: 100% Remote (Anywhere in US)
Client Industry: Environmental Services/Analysis
Full Time , Direct Hire






]]",Kelly,3.5,"Chicago, IL",5001 to 10000 Employees,1946,Company - Public,Staffing & Outsourcing,Business Services,$5 to $10 billion (USD),0,1,140,140,140.0, IL,75,0,0,0,0,0
44,Data Scientist - Remote,Employer Provided Salary:$100K - $120K,Data Scientist,"Boom Entertainment is a technology company that is fueling the biggest winners in sports betting, gaming, and casino products. Working with professional sports leagues, media companies, and leading casino operators, Boom provides technology and games to many of the biggest names in the industry -- including NBC Sports, Barstool Sports, Penn National Gaming, MSG Networks, NASCAR, 8AM Golf, Yes Network, and many more.
As a company, we are looking for driven dreamers who want to make an impact on this industry and the world. We want people of integrity who are both open to learning and willing to challenge the norm. We want people who are curious, reliable, empathetic, and obsessed with quality.
Boom is known for its innovative, accessible, and truly fun products, operating world-class free-to-play games and technology for our partners and entertaining more than 3 million sports fans. In addition, we’re hard at work creating casino and sports betting games for distribution to casino and sportsbook operators in the legal US and international iGaming markets.",Boom Entertainment,4.9,Remote,1 to 50 Employees,2015,Company - Private,IT Services,Information Technology,Unknown / Non-Applicable,0,1,100,120,110.0,Remote,6,0,0,0,0,0
46,Senior Data Scientist,Employer Provided Salary:$67 Per Hour,Data Scientist,"Senior Data Scientist
Fully Remote (Tampa, FL)
Want to help a global retail company derive business value through the adoption of Artificial Intelligence (AI) and Machine Learning (ML)? Excited by using massive amounts of disparate data to develop ML models? Eager to learn to apply ML to a diverse array of enterprise use cases?
If so, our enterprise client is looking for a Sr. Data Scientist to partner with their leadership and the business to build a data science capability from the ground up. We are looking for a leader with strong technical depth and experience in using AI and ML to enable predictive and prescriptive analytics. They will set the direction for the roadmap for where we will first apply data science within the business as well as have a strong say in the technology suite of tools to utilize.",Brooksource,3.9,Remote,501 to 1000 Employees,2000,Company - Private,Staffing & Outsourcing,Business Services,$100 to $500 million (USD),1,1,67 ,67 ,67.0,Remote,21,0,0,0,0,0
49,Machine Learning Data Engineer,Employer Provided Salary:$87 - $106 Per Hour,Data Engineer,"Location: Seattle, WA
Expected Pay Rate: $90.00 - $110.00 per hour
Schedule: Monday - Friday, 40 hours per week, PST business hours
Assignment Length: Contract
Job Description
HireArt is helping Toyota Research Institute (TRI) find a Machine Learning Data Engineer to contribute to state-of-the-art machine learning data infrastructure and relevant software specific to data management, data analysis, and data mining at unparalleled scale. In this role, you'll implement robust software and data pipelines for a tremendous amount of data, and analyze large scale data for the practical scenarios of autonomous driving. Last but not least, you will deploy your algorithms and systems to explore the meaningful scenarios in TRI's data sea and beyond.",Toyota Research Institute,3.9,"Seattle, WA",201 to 500 Employees,2016,Subsidiary or Business Segment,Research & Development,Business Services,Unknown / Non-Applicable,1,1,87,106,96.5, WA,5,0,0,0,0,0
51,Senior Data Scientist,Employer Provided Salary:$155K - $180K,Data Scientist,"Senior Data Scientist
New York City
$155,000 + Equity + Benefits
Our Client
Venturi are partnered with an exciting Start-up who are looking to revolutionize the media industry with the use of Data.
The Position:
As a Data Scientist, your responsibilities will include:",Venturi Group,4.8,"New York, NY",51 to 200 Employees,2009,Company - Private,Staffing & Outsourcing,Business Services,Unknown / Non-Applicable,0,1,155,180,167.5, NY,12,0,0,0,0,0
52,"Senior Data Scientist, Marketing",Employer Provided Salary:$130K - $150K,Data Scientist,"Senior Data Scientist, Marketing
Fin-tech
REMOTE
$130,000-150,000
Currently working with a top leader in the Fin-Tech space that provides customers with the resources they need to improve their financial state. If you are looking to join a mission-driven company, this could be the next step in your career!
THE ROLE: Senior Data Scientist, Marketing Analytics
As a Senior Data Scientist, you will be joining a rapidly growing Data Science Team! They are also growing out products they are launching and providing to consumers. Some of your responsibilities will include:",Harnham,4.0,Remote,51 to 200 Employees,2006,Company - Private,Staffing & Outsourcing,Business Services,$25 to $50 million (USD),0,1,130,150,140.0,Remote,15,0,0,0,0,0
53,Data Scientist,Employer Provided Salary:$53 - $55 Per Hour,Data Scientist,"Candidate Responsibilities
Data Scientist role to develop and deliver analytics models equipment condition monitoring for the enterprise, and for aftermarket solutions for customers and dealers. Condition monitoring models include failure prediction, remaining life estimation, service interval extension, and component risk models. Methods include machine learning, deep learning, statistical and rule-based models, and other data analytics techniques to generate actionable insights from time-series machine sensor data, other telematics data, fluids analysis, and machine inspection and service records.
Typical Day
Collect and negotiate requirements for condition monitoring models. Access, analyze, cleanse, preprocess data; cultivate ground truth data sets as needed. Explore and downselect modeling approaches. Develop, backtest and validate models in python, in both on-prem and AWS environments. Compute model performance metrics. Participate in daily standups and sprint reveals in Scrum/Agile environment. Explain and defend modeling decisions and performance results. Support model in production, resolve incident tickets.",eTeam Inc,4.1,Remote,51 to 200 Employees,1999,Company - Private,Staffing & Outsourcing,Business Services,$50 to $100 million (USD),1,1,53,55,54.0,Remote,22,1,0,0,0,0
54,Data Scientist,Employer Provided Salary:$120K - $140K,Data Scientist,"Data Scientist – Ground-breaking Biopharma
My client is a leading innovative Biopharma who are working on the most cutting edge technologies within cell and gene therapies specifically targeting oncology. You will be joining a world leading team of scientists and Data Science professionals based in San Francisco, who are at the top of their game and are constantly pushing the boundaries of what we believe possible within T-Cell research.
Roles & Responsibilities:
As a Data Scientist you will be working on a novel bioinformatics platform to research personalised T-cell therapies.
You will use your knowledge of *omics data analysis to be a key member in developing novel analytical and computational methods for single cell & T-cell datasets.",Warman O'Brien,5.0,"San Francisco, CA",1 to 50 Employees,-1,Company - Private,-1,-1,Unknown / Non-Applicable,0,1,120,140,130.0, CA,0,0,0,0,0,0
55,Machine Learning (ML) Engineer,Employer Provided Salary:$58 Per Hour,Machine Learning Engineer,"Title: Machine Learning (ML) Engineer (Fully remote)
Location: Norcross Georgia
Duration: 3 month C2H
We are looking for a Machine Learning (ML) Engineer to help us create business intelligence products that support financial and technical objectives. Machine Learning Engineer responsibilities include staging and cleaning data, developing machine learning models, maintaining ML systems, and occasionally presenting findings to executives. To do this job successfully, you need exceptional skills in statistics and programming. This team member will be working with subject matter experts in Accounting, Marketing, Engineering, and Finance.
Client need:",Computer Enterprises Incorporated,3.9,Remote,501 to 1000 Employees,1992,Company - Private,IT Services,Information Technology,$50 to $100 million (USD),1,1,58 ,58 ,58.0,Remote,29,0,0,0,0,0
58,Data Scientist,Employer Provided Salary:$115K - $125K,Data Scientist,"This position is mostly remote, candidates must be able to come in around 1 time per week in Baltimore, MD.
You will be working with a team of roughly 8 other data analysts and data scientists on their Data Analytics team which encompasses work on customer service, the supply chain, and sales and work on their transmission substations. They are growing out this team as they invest in IT so there will be more cloud based infrastructure and deployment of models and more real time screening data. Your role will be to be able to communicate technical problems to stakeholders as well as be aware of who the end user of the models are. What features will be necessary and what areas of visualization will be (excel, power BI, tableau, etc.)
Working on:
Core workload: asset driven predictive modeling - capturing failures in the assets","Latitude, Inc.",4.4,"Baltimore, MD",1 to 50 Employees,-1,Company - Private,Consulting,Business Services,$1 to $5 million (USD),0,1,115,125,120.0, MD,0,0,0,0,0,0
59,Senior Data Analyst,Employer Provided Salary:$72 - $77 Per Hour,Data Analyst,"TeamSoft is looking for a Senior Data Analyst!
Responsibilities:
· Use knowledge of enhancement techniques such as Data Quality, Master Data Management, and Data Governance.
· Analyze master data and master relationship data within the data sets.
· Develop and implement data analysis, data collection systems, and other strategies.
· Interact with data users, managers, and other stakeholder to report the data analysis findings and suggest improvements.","TeamSoft, Inc - a Peoplelink Company",4.7,Remote,201 to 500 Employees,1996,Company - Private,IT Services,Information Technology,$50 to $100 million (USD),1,1,72,77,74.5,Remote,25,0,0,0,0,0
64,Machine Learning Engineer,Employer Provided Salary:$120K - $220K,Machine Learning Engineer,"Senior Machine Learning Engineer - ML Ops
We have two openings:
Engineer level – $120 – 150k Needs at least at B.S. Degree, prefer a Masters Degree
Scientist Level – $180 – 220k Needs at least a Masters Degree, Prefer a PhD
Are you interested in using Machine Learning to generate Insights from trillions of Data points, proactively resolve customer and consumer pain points, and elevate customer experience? The Engineering team in Plume Design Inc. is building a cloud-based, data-driven, intelligent Software-as-a service (SaaS) and Customer Experience Platform. The ideal candidate will bring proven experience in Machine Learning areas of expertise to revolutionize data management, collect and clean huge volumes of data, assure data quality, propose new hypotheses, construct and refine ML algorithms to optimize customer experience platform, and bring these ML models to production. This is a unique time to leverage your expertise to make a significant impact and help take a private company to a successful IPO.","Latitude, Inc.",4.4,Remote,1 to 50 Employees,-1,Company - Private,Consulting,Business Services,$1 to $5 million (USD),0,1,120,220,170.0,Remote,0,0,0,0,0,0
65,Machine Learning Data Engineer,Employer Provided Salary:$87 - $106 Per Hour,Data Engineer,"Location: Portland, OR
Expected Pay Rate: $90.00 - $110.00 per hour
Schedule: Monday - Friday, 40 hours per week, PST business hours
Assignment Length: Contract
Job Description
HireArt is helping Toyota Research Institute (TRI) find a Machine Learning Data Engineer to contribute to state-of-the-art machine learning data infrastructure and relevant software specific to data management, data analysis, and data mining at unparalleled scale. In this role, you'll implement robust software and data pipelines for a tremendous amount of data, and analyze large scale data for the practical scenarios of autonomous driving. Last but not least, you will deploy your algorithms and systems to explore the meaningful scenarios in TRI's data sea and beyond.",Toyota Research Institute,3.9,"East Portland, OR",201 to 500 Employees,2016,Subsidiary or Business Segment,Research & Development,Business Services,Unknown / Non-Applicable,1,1,87,106,96.5, OR,5,0,0,0,0,0
66,Sr. Data Analyst (JO-2108-130237),Employer Provided Salary:$74 Per Hour,Data Analyst,"Our American residential mortgage company client located in Plano, TX and Cary, NC is currently seeking a Sr. Data Analyst, but you may sit remotely.

We are looking to hire a Data Analyst to join our data team. You will take responsibility for managing our master data set, developing reports, and troubleshooting data issues. To do well in this role you need a very fine eye for detail, experience as a data analyst and deep understanding of the popular data analysis tools and databases. We are looking for staff for Tier 1 and 2 support, with good SQL skills, great communication skills, great IT problem researching skills, and problem solving skills in a business environment (shared network drives, servers, job schedulers, etc). A likely candidate might have worked on a help desk.

Responsibilities:·
Develop ETL (Extract, transform, load) frame works to support analytic models.
·


We are an equal opportunity employer and make hiring decisions based on merit. Recruitment, hiring, training, and job assignments are made without regard to race, color, national origin, age, ancestry, religion, sex, sexual orientation, gender identity, gender expression, marital status, disability, or any other protected classification. We consider all qualified applicants, including those with criminal histories, in a manner consistent with state and local laws, including the City of Los Angeles' Fair Chance Initiative for Hiring Ordinance.",Ultimate Staffing Services,3.5,"Plano, TX",501 to 1000 Employees,-1,Company - Private,-1,-1,Unknown / Non-Applicable,1,1,74 ,74 ,74.0, TX,0,0,0,0,0,0
76,Associate Data & Machine Learning Engineer,Employer Provided Salary:$83K,Machine Learning Engineer,"Bachelor’s degree in Computer Science, Engineering, Mathematics or a related field or equivalent professional or military experience
1+ years of experience of Data platform implementation
1+ years of hands-on experience in implementation and performance tuning of Kinesis, Kafka, Spark or similar implementations
Hands on experience with building data or machine learning pipeline
Experience with one or more relevant tools (Flink, Spark, Sqoop, Flume, Kafka, Amazon Kinesis)
Experience developing software code in one or more programming languages (Java, JavaScript, Python, etc)
Current experience with hands-on implementation
AWS Professional Services Accelerate to Consultant (A2C) is an accelerated career development program for college graduates and technical professionals early in their post-graduate careers. The program consists of self-paced technical curriculum, regionally-based classroom trainings, AWS certification training, shadowing, and hands-on billable project work.

At Amazon Web Services (AWS), we’re hiring highly technical Data and Machine Learning engineers to collaborate with our customers and partners on key engagements. Our consultants will develop and deliver proof-of-concept projects, technical workshops, and support implementation projects. These professional services engagements will focus on customer solutions such as Machine Learning, Data and Analytics, HPC and more.

In this role, you will work with our partners, customers and focus on our AWS offerings such Amazon Kinesis, AWS Glue, Amazon Redshift, Amazon EMR, Amazon Athena, Amazon SageMaker and more. You will help our customers and partners to remove the constraints that prevent them from leveraging their data to develop business insights.

AWS Professional Services engage in a wide variety of projects for customers and partners, providing collective experience from across the AWS customer base and are obsessed about customer success. Our team collaborates across the entire AWS organization to bring access to product and service teams, to get the right solution delivered and drive feature innovation based upon customer needs.

You will also have the opportunity to create white papers, writing blogs, build demos and other reusable collateral that can be used by our customers. Most importantly, you will work closely with our Solution Architects, Data Scientists and Service Engineering teams.

The ideal candidate will have extensive experience with design, development and operations that leverages deep knowledge in the use of services like Amazon Kinesis, Apache Kafka, Apache Spark, Amazon Sagemaker, Amazon EMR, NoSQL technologies and other 3rd parties.

This is a customer facing role. You will be required to travel to client locations and deliver professional services when needed.

Inclusive Team Culture
Here at AWS, we embrace our differences. We are committed to furthering our culture of inclusion. We have thirteen employee-led affinity groups, reaching 85,000 employees in over 190 chapters globally. We have innovative benefit offerings, and host annual and ongoing learning experiences, including our Conversations on Race and Ethnicity (CORE) and AmazeCon (gender diversity) conferences. Amazon’s culture of inclusion is reinforced within our 16 Leadership Principles, which remind team members to seek diverse perspectives, learn and be curious, and earn trust.

Work/Life Balance
Our team puts a high value on work-life harmony. Striking a healthy balance between your personal and professional life is crucial to your happiness and success here. We are a customer-obsessed organization—leaders start with the customer and work backwards. They work vigorously to earn and keep customer trust. As such, this is a customer facing role in a hybrid delivery model. Project engagements include remote delivery methods and onsite engagement that will include travel to customer locations as needed.

Mentorship & Career Growth
Our team is dedicated to supporting new members. We have a broad mix of experience levels and tenures, and we’re building an environment that celebrates knowledge sharing and mentorship. We care about your career growth and strive to assign projects based on what will help each team member develop into a better-rounded professional and enable them to take on more complex tasks in the future.

Amazon is committed to a diverse and inclusive workplace. Amazon is an equal opportunity employer and does not discriminate on the basis of race, national origin, gender, gender identity, sexual orientation, protected veteran status, disability, age, or other legally protected status. For individuals with disabilities who would like to request an accommodation, please visit https://www.amazon.jobs/en/disability/us.

Pursuant to the San Francisco Fair Chance Ordinance, we will consider for employment qualified applicants with arrest and conviction records.

Pursuant to the Los Angeles Fair Chance Ordinance, we will consider for employment qualified applicants with arrest and conviction records.

For employees based in Colorado, this position starts at $82,600 per year. A sign-on bonus and restricted stock units may be provided as part of the compensation package, in addition to a range of medical, financial, and/or other benefits, dependent on the position offered. For more information regarding Amazon benefits, please visit https://www.amazon.jobs/en/benefits. Applicants should apply via Amazon’s internal or external careers site.","Amazon Web Services, Inc.",3.8,Remote,10000+ Employees,1994,Company - Public,Internet,Information Technology,$10+ billion (USD),0,1,83,83,83.0,Remote,27,1,0,0,0,0
79,Data Scientist,Employer Provided Salary:$95K - $125K,Data Scientist,"OPENTEXT - THE INFORMATION COMPANY

As the Information Company, our mission at OpenText is to create software solutions and deliver services that redefine the future of digital. Be part of a winning team that leads the way in Enterprise Information Management.

The Opportunity:
The AI Data Scientist will focus on business analysis, data analysis, and model building in support of the delivery of AI and Analytics to our OpenText teams. This individual will be a professional that is self-motivated and driven to accomplish company goals and who is comfortable multitasking in a fast-paced, dynamic environment.

You are great at:
Working with business teams in all parts of the business to gather conceptual business needs, translate them into clear functional business requirements
Create process models, diagrams, charts, PowerPoint presentations
Work with technical teams and/or study relational database tables to create Technical Data Requirements from the Business Requirements
Build data models in Python or R using a Magellan Notebook
Work with application support, product management, and engineering teams on quarterly upgrades and feature requests for Magellan product suite
Self-motivated and driven to accomplish company goals and who is comfortable multitasking in a fast-paced, matrixed environment
Perform data preparation, linkage, and feature selection
Calculating model accuracy
Reporting and visualizing results/insights
Provide end-user support and training as needed


Bachelor’s degree in Computer Science, Engineering, Business or equivalent experience
5 + years of proven abilities related to data analysis, reporting, analytics, and data modeling
Experience working with data in databases
Experience with SQL, Python, and R
Excellent listening, interpersonal, written, and oral communication skills
Experience with OpenText Magellan preferred
Experience working in a complex, matrix, fast-paced environment
Attention to detail with emphasis on accuracy and quality
Ability to prioritize work to balance multiple projects and deadlines
The ability to work independently, as part of a team, and cross-functionally within the organization

95K - 125K

While OpenText is an Equal Opportunity Employer, our efforts to build an inclusive work environment go beyond simply complying with applicable laws. Our Employment Equity and Diversity Policy provides direction on maintaining a working environment that is inclusive of everyone, regardless of culture, national origin, race, color, gender, gender identification, sexual orientation, family status, age, veteran status, disability, religion, or other basis protected by applicable laws. Should you require accommodations during the selection process, please contact accomodationrequests@opentext.com ).",opentext,3.6,"Austin, TX",10000+ Employees,1992,Company - Public,Enterprise Software & Network Solutions,Information Technology,$2 to $5 billion (USD),0,1,95,125,110.0, TX,29,1,0,0,0,0
104,Data Scientist,Employer Provided Salary:$100K - $120K,Data Scientist,"Robert Half Technology (RHT) is working with a client in Austin, Minnesota, who is looking for a Data Scientist for their IT Analytics team. It's an incredible opportunity to join a growing team with a lot of growth and advancement potential. Below are a few more details on what could make an ideal candidate. Apply now!

Preferred:
Experience designing and developing end-to-end Ecommerce machine learning models.
Experience working with Python IDEs like PyCharm, Anaconda and Jupyter notebooks.
Experience with Google Cloud Platform (Google Big Query) or Oracle relational databases.
Technology Doesn't Change the World, People Do.®

Robert Half is the world’s first and largest specialized talent solutions firm that connects highly qualified job seekers to opportunities at great companies. We offer contract, temporary and permanent placement solutions for finance and accounting, technology, marketing and creative, legal, and administrative and customer support roles.

Robert Half puts you in the best position to succeed by advocating on your behalf and promoting you to employers. We provide access to top jobs, competitive compensation and benefits, and free online training. Stay on top of every opportunity – even on the go. Download the Robert Half app and get 1-tap apply, instant notifications for AI-matched jobs, and more.

Questions? Call your local office at 1.888.490.4429. All applicants applying for U.S. job openings must be legally authorized to work in the United States. Benefits are available to contract/temporary professionals. Visit https://roberthalf.gobenefits.net/ for more information.

© 2021 Robert Half. An Equal Opportunity Employer. M/F/Disability/Veterans. By clicking “Apply Now,” you’re agreeing to Robert Half’s Terms of Use ( www.roberthalf.com/terms-of-use ).",Robert Half,3.8,"Austin, MN",10000+ Employees,1948,Company - Public,Staffing & Outsourcing,Business Services,$5 to $10 billion (USD),0,1,100,120,110.0, MN,73,1,0,0,0,0
112,Data Scientist 181639,Employer Provided Salary:$53 - $63 Per Hour,Data Scientist,"Position Scope:
Accelerates and supports the ongoing activities in the field of Artificial Intelligence and Computer vision for multiple use cases for quality improvement in the area of manufacturing. Deals with large volumes of data, understands, and explores data critical to business. Drives data for future processes and products. Works with different business units to understand the business demands with respect to Artificial Intelligence and Quality Assessment. Conducts advanced analytical tasks, designs deep learning models, data mining, and computer vision to enable to improve its products, services, and processes.
Responsibilities:
Analyzes business critical data and recommends improvements.",HKA Enterprises,3.6,"Greenville, SC",1001 to 5000 Employees,1977,Company - Private,Staffing & Outsourcing,Business Services,Unknown / Non-Applicable,1,1,53,63,58.0, SC,44,0,0,0,0,0
121,"Director, Data Scientist",Employer Provided Salary:$136K - $250K,Data Scientist,"Your Opportunity

The Deposits and Margin Strategy and Analytics team is responsible for product analytics related to deposits and margin, for Charles Schwab Bank and for the brokerage Charles Schwab and Co. Inc.

The team consists of people with data science and econometrics/statistical backgrounds as well as some with more traditional strategy or consulting/finance backgrounds.

We are seeking a Managing Director of Cash Strategy and Analytics. This role is responsible for driving strategy, analytics, forecasting, pricing and other work related primarily to Schwab’s sweep deposits (uninvested cash in brokerage accounts) which are the largest category of deposits at Schwab.",Charles Schwab,3.9,"San Francisco, CA",10000+ Employees,1973,Company - Public,Investment Banking & Asset Management,Finance,$10+ billion (USD),0,1,136,250,193.0, CA,48,0,0,0,0,0
180,Data Scientist,Employer Provided Salary:$150K,Data Scientist,"We are adding a Data Scientist to our growing team!

ABOUT AMERICAN CAPITAL GROUP
American Capital Group is a fully-integrated real estate development company. Over the last 33 years, our company has developed and built more than 80 multifamily properties across twelve states. We remain an industry leader because we know and manage internally Engineering and Design, Acquisition, Development, Construction, Property Management, and Asset Management. We strongly value teamwork, integrity, transparency and producing the highest quality of product for our investors and customers.",American Capital Group,4.3,"Bellevue, WA",51 to 200 Employees,1986,Company - Private,Real Estate,Real Estate,Unknown / Non-Applicable,0,1,150,150,150.0, WA,35,0,0,0,0,0
197,PRACTICE LEADER - DATA & ANALYTICS,Employer Provided Salary:$120K - $145K,Data Analyst,"Sphere Software is looking for an entrepreneurial and progressive leader to lead the growth and success of our data practice. The Practice Lead advises and partners with our sales teams and clients on solving their business problems by leveraging Artificial Intelligence, Machine Learning, Data Analytics, Data Engineering, Data Science and Business Intelligence offerings and capabilities. This individual will work closely with the sales, delivery, and marketing teams, and will be involved in providing objective advice, expertise and specialist skills with the aim of creating value, maximizing growth or improving the business performance.
Location: Remotely
Type: Direct Hire
Start Date: ASAP",Sphere Inc.,4.8,Remote,1 to 50 Employees,2005,Company - Private,IT Services,Information Technology,$5 to $10 million (USD),0,1,120,145,132.5,Remote,16,0,0,0,0,0
211,Data Scientist,Employer Provided Salary:$150K,Data Scientist,"We are adding a Data Scientist to our growing team!

ABOUT AMERICAN CAPITAL GROUP
American Capital Group is a fully-integrated real estate development company. Over the last 33 years, our company has developed and built more than 80 multifamily properties across twelve states. We remain an industry leader because we know and manage internally Engineering and Design, Acquisition, Development, Construction, Property Management, and Asset Management. We strongly value teamwork, integrity, transparency and producing the highest quality of product for our investors and customers.",American Capital Group,4.3,"Bellevue, WA",51 to 200 Employees,1986,Company - Private,Real Estate,Real Estate,Unknown / Non-Applicable,0,1,150,150,150.0, WA,35,0,0,0,0,0
226,PRACTICE LEADER - DATA & ANALYTICS,Employer Provided Salary:$120K - $145K,Data Analyst,"Sphere Software is looking for an entrepreneurial and progressive leader to lead the growth and success of our data practice. The Practice Lead advises and partners with our sales teams and clients on solving their business problems by leveraging Artificial Intelligence, Machine Learning, Data Analytics, Data Engineering, Data Science and Business Intelligence offerings and capabilities. This individual will work closely with the sales, delivery, and marketing teams, and will be involved in providing objective advice, expertise and specialist skills with the aim of creating value, maximizing growth or improving the business performance.
Location: Remotely
Type: Direct Hire
Start Date: ASAP",Sphere Inc.,4.8,Remote,1 to 50 Employees,2005,Company - Private,IT Services,Information Technology,$5 to $10 million (USD),0,1,120,145,132.5,Remote,16,0,0,0,0,0
241,Data Scientist,Employer Provided Salary:$150K,Data Scientist,"We are adding a Data Scientist to our growing team!

ABOUT AMERICAN CAPITAL GROUP
American Capital Group is a fully-integrated real estate development company. Over the last 33 years, our company has developed and built more than 80 multifamily properties across twelve states. We remain an industry leader because we know and manage internally Engineering and Design, Acquisition, Development, Construction, Property Management, and Asset Management. We strongly value teamwork, integrity, transparency and producing the highest quality of product for our investors and customers.",American Capital Group,4.3,"Bellevue, WA",51 to 200 Employees,1986,Company - Private,Real Estate,Real Estate,Unknown / Non-Applicable,0,1,150,150,150.0, WA,35,0,0,0,0,0
